Workbook

Sheet Invoice
D1: INVOICE
A3: Paul Wright
A4: 157 Hunter Ave, Fanwood, NJ 07023
A5: =TEXT(Setup!B10,"$#,##0")&"/hr"
A7: Bill to | C7: Invoice Details
A8: Cara Talmadge | C8: Invoice No: | D8: =TEXT(Setup!B4,"0000")
A9: Chartis Interactive LLC | C9: Invoice Date: | D9: =Setup!B17
A10: 813-230-8376
A12: Billing Period | C12: Total Weeks
A13: =TEXT(Setup!B15,"m/d/yyyy")&" – "&TEXT(Setup!B16,"m/d/yyyy") | C13: =ROUND(Setup!B12/7,0)&" weeks"
A15: Clockify Timesheet
A16: =TEXT(Setup!B15,"m/d/yy")&" - "&TEXT(Setup!B15+6,"m/d/yy")
A17: Paste Clockify screenshot here (Insert > Image > Image over cells)
A18: =TEXT(Setup!B15+7,"m/d/yy")&" - "&TEXT(Setup!B16,"m/d/yy")
A19: Paste Clockify screenshot here (Insert > Image > Image over cells)
A21: Invoice Summary
A22: By Week | B22: Hours | C22: Rate | D22: Line Total
A23: =A16 | B23: =N(Setup!B5) | C23: =Setup!B10 | D23: =B23*C23
A24: =A18 | B24: =N(Setup!B6) | C24: =Setup!B10 | D24: =B24*C24
A25: =IF(N(Setup!B8)>0,Setup!B7,"") | D25: =IF(N(Setup!B8)>0,Setup!B8,"")
A26: Total Hours: | B26: =B23+B24 | C26: Invoice Total: | D26: =D23+D24+N(D25)
A28: PO Box 4509, Warren, NJ 07059 | p. 813-230-8376 | david@chartis.io

Sheet Setup
A1: Invoice Setup
A2: Edit only the yellow cells. The Invoice tab updates itself.
A4: Invoice No. | B4: 5 | C4: Each new invoice: add 1. All dates follow from this.
A5: Week 1 hours | C5: From Clockify (first week of the period)
A6: Week 2 hours | C6: From Clockify (second week of the period)
A7: Other charge: description | B7: Anthropic Claude Pro Subscription | C7: Optional extra line on the summary
A8: Other charge: amount | C8: Leave blank to hide the line
A10: Hourly rate | B10: 70 | C10: Rarely changes
A11: First period start (invoice 0001) | B11: 46223 | C11: Monday your first billing period began; rarely changes
A12: Days per billing period | B12: 14 | C12: Bi-weekly; rarely changes
A14: Calculated (do not edit)
A15: Period start | B15: =B11+(B4-1)*B12
A16: Period end | B16: =B15+B12-1
A17: Invoice date | B17: =B16+1
